Feature Index,Mean_Absolute_Importance,Std_Absolute_Importance,True_Stable_Rank
91,422.340884,119.032605,1
90,305.512059,74.616371,2
92,305.234703,74.434170,3
84,284.652275,72.493142,4
98,284.626345,72.486824,5
99,236.331103,59.895986,6
83,236.149235,59.688917,7
85,230.356139,60.640929,8
97,230.274738,60.396604,9
390,201.431277,21.622499,10
380,201.261158,21.523136,11
387,197.888033,24.985756,12
383,197.871804,25.278903,13
442,191.219483,89.598688,14
426,191.053653,89.676359,15
342,177.473776,109.254353,16
330,177.313431,109.219123,17
447,160.056304,82.150473,18
421,159.955863,82.183708,19
343,159.050369,111.981764,20
329,158.905458,111.902676,21
391,155.783351,20.106547,22
398,155.708879,21.395801,23
372,155.704947,21.593813,24
379,155.586708,19.843169,25
337,151.060308,101.748166,26
335,151.022173,101.827712,27
344,150.637642,102.685564,28
328,150.603544,102.615095,29
100,149.322274,38.937736,30
82,149.097890,39.014386,31
397,146.927157,14.698806,32
373,146.711743,14.633927,33
384,138.916923,18.666912,34
386,138.793003,18.607654,35
86,130.365040,40.020420,36
96,130.295225,40.107925,37
327,126.358783,75.283459,38
345,126.039394,75.341303,39
323,124.032179,83.150986,40
349,123.850372,83.065639,41
112,122.775910,39.574524,42
70,122.716103,39.612552,43
371,120.521613,23.877774,44
399,120.475432,23.777873,45
71,118.362582,34.247458,46
111,118.128948,34.395237,47
350,118.017741,85.766700,48
322,117.982928,85.749183,49
427,117.797540,86.034702,50
441,117.761484,86.006388,51
334,115.352693,78.335368,52
338,115.312371,78.330922,53
51,114.907580,14.092876,54
33,114.819651,13.951242,55
42,113.912068,71.241639,56
446,112.500278,46.899990,57
422,112.470917,46.842699,58
448,112.374802,71.919084,59
420,112.304597,71.960705,60
393,109.550797,18.936177,61
377,109.517255,18.799552,62
394,109.403656,20.360482,63
376,109.136777,20.417544,64
47,107.089142,13.703061,65
37,106.925775,14.105756,66
21,105.289483,56.825402,67
63,105.187969,56.709480,68
378,104.253163,17.397286,69
414,103.938361,48.514040,70
392,103.933474,17.276226,71
454,103.933411,48.505932,72
388,102.217359,14.073775,73
382,102.180153,14.061726,74
351,101.615852,72.851096,75
321,101.515553,72.721493,76
381,101.094370,10.768069,77
389,101.040731,10.838850,78
429,100.331423,49.930853,79
439,100.308750,49.844643,80
433,99.845390,75.335479,81
435,99.809940,75.397868,82
365,99.323635,14.579011,83
405,99.257782,14.690299,84
341,98.902885,66.232489,85
331,98.754836,66.045162,86
413,98.646714,59.460802,87
455,98.626367,59.491328,88
443,97.607012,62.138185,89
425,97.552700,62.137412,90
140,96.152267,64.526779,91
419,94.849895,71.692606,92
449,94.839100,71.687435,93
538,93.200708,18.195834,94
526,93.176792,18.201960,95
142,92.277698,19.672613,96
138,92.232766,19.661065,97
400,87.011069,20.961831,98
370,86.960600,20.981523,99
352,85.685595,54.743546,100
320,85.587933,54.718186,101
609,85.573957,5.175014,102
651,85.561226,5.186905,103
251,83.406982,37.777915,104
225,83.176958,37.748420,105
93,82.418842,22.922565,106
89,82.021628,22.971990,107
404,81.955391,8.014634,108
62,81.935829,43.919757,109
22,81.912957,43.850026,110
366,81.842741,8.050758,111
554,81.339955,8.001511,112
510,81.206361,8.013284,113
105,79.795028,40.838959,114
77,79.777934,40.767481,115
516,79.720713,8.770444,116
548,79.667553,8.745482,117
631,78.497666,12.042099,118
629,78.453955,12.068156,119
64,78.180265,47.131532,120
20,78.171461,47.404780,121
34,77.996329,26.500950,122
128,77.798652,30.291253,123
152,77.717318,30.251317,124
50,77.443952,26.494388,125
440,77.170860,63.775527,126
428,77.064043,63.716515,127
418,75.908645,54.658945,128
450,75.773071,54.524770,129
364,73.446349,17.629873,130
1062,73.325404,44.863630,131
406,73.258159,17.600489,132
434,73.191038,45.029597,133
104,72.011653,36.667310,134
78,71.898052,36.693826,135
316,71.305102,38.576156,136
356,71.288714,38.524468,137
650,71.096055,5.717681,138
779,71.085753,2.415228,139
775,71.043348,2.401647,140
610,71.015775,5.724144,141
224,70.432312,24.170291,142
252,70.428017,24.143372,143
153,69.849380,40.558684,144
127,69.708458,40.529897,145
553,68.298863,7.428128,146
517,68.276618,10.761724,147
511,68.261305,7.411295,148
547,68.196008,10.768828,149
545,67.779474,11.590883,150
519,67.748020,11.593995,151
772,67.581824,2.314072,152
782,67.482042,2.326121,153
348,67.318143,44.633184,154
324,67.228445,44.596681,155
643,66.557613,8.431791,156
617,66.515862,8.445964,157
520,65.286869,8.187645,158
544,65.231577,8.173987,159
964,65.161136,4.169787,160
982,65.011731,4.183951,161
644,64.980309,8.930363,162
616,64.958946,8.957085,163
48,64.924616,25.868572,164
56,64.669697,18.049733,165
326,64.655568,30.171518,166
28,64.642303,17.987984,167
346,64.454546,30.104351,168
315,64.330950,40.107353,169
357,64.289169,40.115288,170
36,63.974658,26.510893,171
1052,63.734907,49.080992,172
336,63.455772,49.263891,173
525,63.201138,17.631868,174
539,63.140218,17.666219,175
910,62.762518,2.090136,176
938,62.759682,2.051083,177
147,62.057840,27.371613,178
133,62.031323,27.333638,179
374,61.176164,5.360973,180
396,60.897286,5.424147,181
101,60.610755,13.876116,182
81,60.574121,13.997092,183
971,60.406122,3.896983,184
975,60.347684,3.902355,185
608,60.301214,3.617903,186
652,60.200792,3.615343,187
541,59.497525,7.868049,188
523,59.466767,7.834986,189
182,57.234275,25.158706,190
196,57.178935,25.112521,191
533,56.460934,16.063157,192
456,56.388128,32.511992,193
412,56.384200,32.600398,194
531,56.290597,16.061339,195
542,55.907778,3.795194,196
522,55.709057,3.764363,197
113,55.243982,28.990779,198
594,55.160808,9.140709,199
69,55.100483,29.057960,200
568,55.076066,9.214122,201
339,54.534519,33.854390,202
333,54.494857,33.864661,203
183,54.464096,19.392039,204
195,54.402606,19.418102,205
238,53.966174,19.174272,206
453,53.872029,24.553249,207
415,53.809364,24.563616,208
358,53.246628,34.729135,209
314,53.224303,34.791516,210
432,52.955181,44.673565,211
436,52.902236,44.720631,212
317,51.612291,25.506499,213
555,51.610868,5.319876,214
509,51.561452,5.306645,215
355,51.513696,25.539629,216
981,51.372698,4.749093,217
965,51.289155,4.754450,218
95,51.266188,14.243941,219
87,51.171882,14.259294,220
527,50.916649,10.655192,221
632,50.904534,8.168310,222
537,50.884091,10.688166,223
628,50.834393,8.124962,224
49,50.493362,39.975902,225
35,50.443353,40.009380,226
939,50.350890,2.841562,227
909,50.310235,2.836015,228
771,49.500321,2.464412,229
783,49.396336,2.487914,230
228,48.281271,29.674757,231
184,48.157534,10.567243,232
248,48.147638,29.646737,233
194,48.081264,10.450789,234
139,48.059144,43.447480,235
141,48.024351,43.451345,236
549,47.687372,3.451375,237
515,47.437155,3.498152,238
126,47.258062,35.408080,239
154,47.229763,35.377519,240
118,47.023290,24.683895,241
162,46.987670,24.632892,242
776,46.821897,1.912111,243
778,46.805835,1.922151,244
917,46.802421,2.695521,245
931,46.750900,2.750599,246
624,46.696311,9.013293,247
636,46.590872,8.987822,248
353,46.486785,18.661139,249
319,46.332305,18.642185,250
110,46.097437,19.973200,251
313,45.874430,22.940819,252
72,45.838747,19.958588,253
359,45.775319,22.961657,254
30,45.522369,23.890921,255
54,45.438178,23.967904,256
385,45.248821,7.276822,257
119,45.232124,30.190757,258
161,45.210177,30.177555,259
1057,44.800832,7.071553,260
957,44.483106,2.586311,261
266,44.454302,4.864267,262
308,44.439514,4.801731,263
989,44.438192,2.592475,264
255,44.206309,26.154905,265
375,44.204435,10.417967,266
395,44.197591,10.310798,267
221,44.146618,26.135615,268
972,43.993318,4.015656,269
974,43.965774,4.045901,270
988,42.981610,3.409381,271
155,42.898019,31.693579,272
125,42.879024,31.723636,273
958,42.822656,3.401446,274
369,42.621615,14.382763,275
401,42.388382,14.285227,276
786,41.432011,2.377552,277
768,41.385466,2.371099,278
135,41.227814,14.162954,279
145,41.212367,14.111864,280
665,40.339352,1.189837,281
19,40.312137,34.716221,282
65,40.209411,34.714494,283
561,40.115108,5.839813,284
693,40.114724,1.183176,285
601,40.033967,5.854787,286
148,39.533899,20.341514,287
132,39.407048,20.225607,288
363,39.110884,14.671647,289
407,39.106126,14.545609,290
438,38.721675,19.606937,291
430,38.661610,19.540095,292
160,38.614797,31.519507,293
120,38.563749,31.397354,294
61,38.444910,29.002513,295
23,38.353164,28.824695,296
156,38.214091,24.324819,297
124,38.198010,24.245698,298
678,37.607181,2.390057,299
52,37.595801,6.235591,300
32,37.543942,6.040357,301
38,37.537408,6.165410,302
46,37.341141,5.931429,303
197,37.187580,20.218882,304
181,37.086283,20.151204,305
265,36.999780,3.876911,306
666,36.819790,1.062487,307
575,36.796318,7.616582,308
587,36.778309,7.765385,309
789,36.765821,1.889043,310
765,36.738025,1.878346,311
309,36.642070,3.879067,312
692,36.536882,0.950166,313
680,36.474815,2.421939,314
76,35.880725,25.153350,315
106,35.858190,25.226094,316
121,35.658019,21.273289,317
159,35.526441,21.194116,318
41,35.358204,28.693449,319
43,35.327839,29.289627,320
198,35.270611,12.926864,321
180,35.133736,12.919319,322
922,35.015607,2.267002,323
926,34.913574,2.401568,324
267,34.856477,3.978548,325
774,34.728401,1.511484,326
780,34.699168,1.447461,327
1078,34.530227,7.429078,328
968,34.407140,2.379503,329
294,34.392469,6.373859,330
229,34.378028,12.793799,331
189,34.375269,31.220682,332
978,34.370061,2.377568,333
340,34.369798,25.633511,334
332,34.340144,25.547259,335
630,34.328338,7.426195,336
1068,34.313965,10.263361,337
247,34.306903,12.752263,338
532,34.288036,10.187679,339
535,34.196508,3.569566,340
529,34.168446,3.545273,341
423,33.996964,14.236024,342
280,33.881273,6.227571,343
445,33.791397,14.261103,344
307,33.040659,4.065147,345
714,33.025310,2.230747,346
743,32.942720,1.973513,347
713,32.887273,1.957114,348
742,32.812951,2.241882,349
288,32.759738,9.946128,350
286,32.708114,9.993950,351
773,32.580627,1.180293,352
781,32.528187,1.197158,353
27,32.384407,19.382395,354
769,32.354358,2.534348,355
785,32.322818,2.526973,356
770,32.309884,2.427192,357
784,32.295278,2.414429,358
595,32.290223,10.117644,359
567,32.252858,10.062067,360
615,32.196723,8.469507,361
57,32.174710,19.520269,362
645,32.092022,8.451111,363
905,32.080216,0.956947,364
943,32.074311,0.956652,365
944,31.721766,1.367200,366
611,31.666497,3.923147,367
649,31.615365,3.899927,368
904,31.598361,1.403754,369
890,31.439389,1.095944,370
860,31.412036,1.112016,371
790,30.789686,2.874432,372
764,30.760124,2.878414,373
979,30.627609,2.690575,374
967,30.576761,2.703095,375
963,30.566807,1.978606,376
983,30.498717,1.991039,377
279,30.394173,4.995185,378
658,30.353822,0.956194,379
700,30.201819,0.953966,380
295,29.864227,5.145965,381
457,29.813152,19.707303,382
411,29.789363,19.812678,383
250,29.773423,15.269014,384
226,29.713217,15.159828,385
980,28.993229,3.720453,386
966,28.917048,3.730361,387
664,28.877366,0.996537,388
403,28.809853,2.331486,389
367,28.699710,2.248637,390
699,28.463108,0.789339,391
976,28.460942,2.157264,392
970,28.439348,2.130779,393
883,28.409970,0.868067,394
867,28.388537,0.853846,395
921,28.217244,1.583577,396
884,28.107738,0.651186,397
927,28.082980,1.715646,398
602,28.062073,6.922109,399
560,28.001282,6.937902,400
866,27.939026,0.654730,401
694,27.934160,0.895848,402
15,27.849350,1.360239,403
129,27.726615,8.229724,404
659,27.587257,0.799607,405
75,27.520495,20.294355,406
151,27.512381,8.227265,407
107,27.393772,20.270360,408
79,27.356429,19.719989,409
103,27.178992,19.745901,410
223,27.107219,1.675654,411
642,27.092909,6.447467,412
618,27.013143,6.439827,413
232,26.931147,18.607814,414
737,26.926901,1.388672,415
719,26.921951,1.359849,416
482,26.815670,3.573192,417
293,26.795618,5.127811,418
712,26.785178,1.385227,419
744,26.741971,1.384102,420
244,26.676397,18.548044,421
253,26.554908,1.673579,422
137,26.437627,4.469748,423
143,26.342401,4.445846,424
891,26.342108,0.716567,425
859,26.277845,0.616757,426
424,26.125801,21.587606,427
444,26.118600,21.694540,428
53,26.019207,10.868056,429
31,26.019025,11.008647,430
625,25.878860,7.685850,431
635,25.868685,7.748672,432
484,25.798800,3.239510,433
188,25.789916,21.713091,434
190,25.783325,21.695516,435
281,25.782677,4.888515,436
431,25.696607,18.552927,437
239,25.690071,15.079747,438
437,25.634357,18.565878,439
237,25.478833,15.110229,440
117,25.109113,13.469890,441
163,25.060086,13.458691,442
451,25.030830,16.996765,443
58,25.014309,17.126713,444
417,24.923937,16.937259,445
26,24.886520,17.171812,446
301,24.879356,5.223095,447
273,24.344617,5.778879,448
569,23.366354,6.292425,449
593,23.344115,6.245662,450
932,22.887711,3.932835,451
916,22.791148,3.856408,452
936,22.625627,1.587609,453
912,22.619617,1.613022,454
653,22.505212,2.303710,455
607,22.424169,2.251925,456
360,22.417973,6.640298,457
741,22.390018,1.872221,458
959,22.388522,2.784914,459
987,22.387478,2.784755,460
312,22.370377,6.599905,461
861,22.354334,1.229629,462
136,22.350348,6.175495,463
889,22.338957,1.229113,464
240,22.325403,6.973471,465
236,22.319766,6.920361,466
67,22.310953,4.998082,467
715,22.298950,1.843553,468
685,22.285635,1.335315,469
144,22.225077,6.182669,470
115,22.187588,5.029849,471
187,22.141816,10.811128,472
736,22.089075,1.702506,473
44,22.022135,9.852679,474
720,22.011600,1.747885,475
191,21.967874,10.658482,476
1079,21.922445,1.636829,477
673,21.917922,1.574120,478
679,21.852605,1.540709,479
512,21.848708,5.136449,480
55,21.842999,15.180251,481
552,21.755868,5.141355,482
29,21.735055,15.154074,483
40,21.657209,9.772398,484
637,21.500528,11.686777,485
623,21.432801,11.622030,486
868,21.243574,0.908045,487
882,21.232981,0.890560,488
718,20.965226,0.691198,489
738,20.921756,0.722522,490
657,20.736224,0.786304,491
930,20.402435,1.346537,492
287,20.329947,6.557901,493
918,20.311998,1.345253,494
701,20.245262,0.750466,495
928,20.221485,1.418399,496
920,20.210702,1.437685,497
114,20.168900,14.055274,498
588,20.099714,6.893836,499
574,20.063302,6.950515,500
68,20.056063,13.971350,501
763,20.051941,3.314448,502
791,20.025916,3.322300,503
672,19.932173,1.818709,504
300,19.889911,4.530011,505
274,19.660689,4.496363,506
1047,19.644238,6.299759,507
508,19.572887,1.750251,508
556,19.559718,1.714156,509
686,19.505670,1.801602,510
347,19.352631,14.209985,511
681,19.337526,1.009844,512
325,19.333600,14.188550,513
677,19.094564,1.128032,514
667,19.091829,0.551873,515
956,19.081192,1.080448,516
990,19.021266,1.079676,517
543,18.903157,2.962636,518
521,18.837389,2.935566,519
691,18.693110,0.538667,520
310,18.649028,2.041839,521
264,18.500181,2.097217,522
289,18.484112,4.726718,523
934,18.285580,1.421647,524
914,18.218506,1.414871,525
485,18.042618,1.810121,526
929,18.005779,1.483492,527
919,17.938996,1.497783,528
586,17.920653,7.808340,529
576,17.780105,7.799349,530
285,17.343064,4.863500,531
481,17.172710,1.713424,532
881,17.102172,0.837418,533
767,17.080900,1.226442,534
787,17.058679,1.197947,535
869,17.010044,0.845879,536
995,16.932438,1.106983,537
951,16.931373,1.062453,538
318,16.782376,8.400953,539
354,16.751284,8.458148,540
600,16.725222,3.373597,541
847,16.713831,1.175517,542
925,16.706963,2.767580,543
633,16.675475,4.101195,544
627,16.661278,4.058617,545
913,16.627644,0.931720,546
923,16.617856,2.817606,547
562,16.606456,3.273149,548
935,16.593412,0.987468,549
766,16.571385,0.691842,550
131,16.556075,9.936738,551
788,16.543959,0.711003,552
149,16.534615,9.994356,553
296,16.530647,2.723408,554
805,16.518453,1.159188,555
757,16.484070,1.654588,556
797,16.477340,1.668189,557
1089,16.434638,0.859797,558
777,16.390617,0.831003,559
261,16.255350,3.104348,560
306,16.236166,2.154189,561
215,16.144335,3.189084,562
278,16.085674,2.573342,563
870,16.028469,0.636260,564
911,15.967801,1.513772,565
880,15.937935,0.630326,566
846,15.935503,1.332517,567
937,15.881628,1.526072,568
877,15.856385,0.667408,569
873,15.838411,0.682067,570
806,15.827073,1.334746,571
758,15.731477,0.930309,572
796,15.706209,0.906393,573
621,15.686472,7.917415,574
826,15.668044,1.565579,575
639,15.557639,7.952912,576
1094,15.547870,1.646499,577
268,15.466113,2.185913,578
241,15.461822,9.988147,579
638,15.426283,10.213370,580
622,15.394660,10.227425,581
258,15.391243,9.260522,582
235,15.357484,10.054482,583
218,15.322956,9.242991,584
908,15.190788,2.126295,585
940,15.165419,2.125553,586
260,15.162708,2.248363,587
969,15.148449,1.431556,588
745,15.115105,0.603331,589
977,15.083017,1.439928,590
711,15.081293,0.626378,591
217,14.964109,7.152256,592
259,14.922752,7.128551,593
134,14.885022,9.808892,594
950,14.827940,0.699599,595
146,14.825091,9.764634,596
216,14.795621,2.162426,597
996,14.794324,0.780491,598
660,14.714924,0.448172,599
246,14.644753,10.492499,600
254,14.588064,10.015496,601
706,14.581434,1.323201,602
750,14.511858,1.312945,603
222,14.454047,10.110379,604
272,14.439886,4.527168,605
230,14.411480,10.561754,606
302,14.316894,4.535499,607
698,14.245294,0.671286,608
725,14.228018,0.707027,609
885,14.222808,0.263284,610
695,14.197366,0.516982,611
731,14.192737,0.692153,612
565,14.159564,5.134755,613
687,14.155297,1.365354,614
597,14.111101,5.171716,615
865,14.103096,0.273034,616
1105,14.021648,1.909676,617
973,13.978741,1.895182,618
130,13.952663,6.277830,619
671,13.811690,1.496380,620
150,13.743612,6.313784,621
663,13.501470,0.549382,622
173,13.348114,6.126921,623
205,13.300250,6.102610,624
88,13.107284,4.795356,625
94,13.074952,4.896298,626
452,13.031937,6.505432,627
59,13.030507,8.887518,628
416,13.025137,6.499044,629
25,13.018705,8.968949,630
674,12.930821,0.792921,631
705,12.866826,0.890614,632
751,12.858021,0.913670,633
158,12.834918,5.837884,634
827,12.822821,2.610309,635
825,12.818291,2.572030,636
45,12.789684,4.168641,637
122,12.753469,5.738555,638
684,12.708890,0.602762,639
39,12.656309,4.346979,640
157,12.497437,7.819613,641
1028,12.463562,0.402741,642
123,12.398378,7.751763,643
583,12.392334,8.043220,644
282,12.271991,2.414876,645
579,12.244780,7.974105,646
60,12.233062,9.809869,647
24,12.206960,9.821174,648
1016,12.193959,0.451366,649
1035,12.192572,0.288721,650
707,12.187934,1.295280,651
292,12.187575,2.832412,652
841,12.180971,1.847254,653
811,12.083182,1.798698,654
749,12.075429,1.309945,655
878,12.052985,0.277078,656
942,11.928563,0.367121,657
872,11.924106,0.286554,658
1009,11.820316,0.249659,659
476,11.799593,2.832578,660
906,11.786549,0.448609,661
475,11.778272,2.439766,662
892,11.471259,0.238354,663
858,11.468903,0.227844,664
596,11.430618,5.179809,665
490,11.407139,3.126281,666
734,11.391923,2.097995,667
722,11.350866,2.123176,668
1063,11.328984,2.068153,669
491,11.288691,2.627688,670
604,11.264351,3.330502,671
640,11.256030,3.535134,672
558,11.247673,3.400533,673
792,11.243522,3.040116,674
566,11.237408,5.182525,675
620,11.215754,3.482172,676
762,11.189980,3.031201,677
102,11.166179,7.459978,678
986,11.161923,1.683413,679
848,11.151094,0.786232,680
756,11.146694,2.008503,681
80,11.138294,7.527277,682
804,11.136489,0.789847,683
960,11.087370,1.654756,684
798,11.085350,2.033202,685
540,10.716904,7.426730,686
203,10.712353,8.453888,687
524,10.699548,7.423667,688
733,10.665270,1.448012,689
175,10.656988,8.429201,690
871,10.598085,0.250416,691
723,10.545228,1.485408,692
879,10.520400,0.258660,693
18,10.448536,9.335478,694
66,10.436661,9.328237,695
483,10.176422,2.245880,696
178,10.044097,2.992894,697
200,10.014251,2.983129,698
1008,10.013760,0.333452,699
702,9.996586,0.544096,700
589,9.973759,6.765161,701
1036,9.873659,0.364398,702
477,9.831583,2.441984,703
573,9.764252,6.828534,704
862,9.743591,1.001874,705
888,9.602962,1.012066,706
462,9.449217,2.458655,707
915,9.433008,3.065140,708
933,9.419779,3.157524,709
994,9.400321,0.964144,710
952,9.355045,0.986176,711
168,9.272319,4.336438,712
210,9.267530,4.397602,713
408,9.255902,6.463436,714
656,9.225303,0.438692,715
176,9.217210,7.658127,716
202,9.182436,7.672909,717
362,9.171665,6.376895,718
489,9.137187,2.503761,719
580,9.087220,5.751585,720
108,9.067749,7.272156,721
582,9.041229,5.851400,722
74,9.007602,7.203865,723
546,8.907224,6.329144,724
518,8.893894,6.305648,725
670,8.711174,0.834996,726
458,8.699863,6.308599,727
504,8.695318,2.333855,728
410,8.690119,6.338825,729
761,8.674088,2.012293,730
793,8.643176,2.000165,731
1030,8.617387,0.400965,732
735,8.522482,1.965925,733
721,8.489612,1.986295,734
174,8.454253,9.302997,735
204,8.441094,9.302513,736
688,8.406495,0.728294,737
895,8.367634,0.780959,738
855,8.358809,0.792007,739
807,8.329819,0.986843,740
463,8.233999,1.970613,741
845,8.213875,0.977916,742
551,8.211411,3.177021,743
461,8.124472,2.013774,744
1020,8.104523,0.398030,745
214,8.061668,5.243079,746
513,8.027187,3.158795,747
262,7.952740,5.500455,748
1014,7.768685,0.380319,749
961,7.697506,1.196345,750
985,7.674628,1.202391,751
708,7.576067,0.968247,752
534,7.565746,5.086585,753
505,7.557976,1.894462,754
590,7.545316,7.009636,755
1024,7.539189,0.323170,756
530,7.528366,5.082281,757
275,7.510317,2.730672,758
740,7.489414,1.069053,759
748,7.483371,0.935749,760
572,7.471934,7.091195,761
716,7.309424,1.057170,762
231,7.281802,5.032357,763
245,7.270431,5.019669,764
474,7.184589,1.356432,765
299,7.113697,2.277334,766
506,6.926144,0.957306,767
803,6.827913,0.451476,768
849,6.813603,0.463721,769
842,6.812078,1.102185,770
903,6.811243,1.525605,771
492,6.776376,1.511032,772
201,6.774453,5.833522,773
503,6.767019,2.075266,774
810,6.756005,1.154625,775
614,6.724508,4.134017,776
945,6.722361,1.408012,777
233,6.721054,5.126725,778
550,6.717305,1.207336,779
177,6.690209,5.862661,780
514,6.678998,1.162069,781
646,6.675556,4.172880,782
243,6.624728,5.070550,783
876,6.575630,0.812695,784
277,6.570223,1.047240,785
402,6.510637,4.394406,786
874,6.477236,0.821242,787
169,6.469151,3.745288,788
823,6.456510,0.728669,789
795,6.445211,0.286255,790
759,6.435562,0.257200,791
829,6.433286,0.742000,792
209,6.431299,3.726585,793
368,6.405615,4.400725,794
297,6.178667,0.927886,795
242,6.144319,3.871382,796
559,6.098801,3.556367,797
894,6.067703,0.437002,798
704,6.057404,0.322903,799
752,6.035146,0.319924,800
603,6.012603,3.614852,801
730,6.009801,1.398418,802
726,5.997628,1.402533,803
856,5.978702,0.471227,804
1110,5.978672,0.401911,805
164,5.966322,3.375375,806
116,5.882967,3.336663,807
818,5.865434,2.292072,808
467,5.861520,1.078885,809
234,5.858286,3.816393,810
832,5.854272,1.723829,811
834,5.853252,2.241888,812
822,5.815359,0.764311,813
902,5.808277,1.153855,814
830,5.791178,0.747278,815
946,5.780737,1.168887,816
1027,5.778402,0.354802,817
820,5.776991,1.680700,818
1029,5.669034,0.280695,819
949,5.654029,0.407565,820
460,5.588923,1.072333,821
997,5.522606,0.304772,822
816,5.459698,0.746210,823
290,5.414721,1.465840,824
499,5.332517,1.077296,825
1017,5.321894,0.295667,826
1015,5.296412,0.316112,827
836,5.277278,0.728047,828
1022,5.198270,0.364941,829
585,5.186450,2.586030,830
577,5.139063,2.557427,831
284,5.106759,1.162275,832
73,4.995363,3.723439,833
626,4.943789,2.889233,834
11,4.917822,0.239300,835
109,4.877955,3.728805,836
612,4.818919,1.269244,837
634,4.797292,2.883555,838
249,4.788556,2.316098,839
648,4.735944,1.290359,840
863,4.667304,0.663472,841
478,4.646106,1.456316,842
1177,4.620452,0.321391,843
186,4.601334,3.051759,844
887,4.566414,0.622718,845
536,4.528840,2.930162,846
192,4.520948,3.073139,847
211,4.513744,2.615320,848
167,4.509926,2.663376,849
227,4.500111,2.225472,850
886,4.485390,0.231980,851
864,4.483177,0.240756,852
528,4.451298,2.941241,853
486,4.448884,0.628758,854
812,4.438819,1.976874,855
219,4.434763,3.211277,856
257,4.390682,3.195564,857
654,4.370692,0.932445,858
840,4.356116,1.930406,859
821,4.347283,1.214549,860
488,4.287224,1.350687,861
1244,4.284086,0.034078,862
1240,4.276688,0.050194,863
831,4.260484,1.208816,864
606,4.216342,0.900717,865
496,4.193058,1.944878,866
682,4.183720,0.391398,867
361,4.164819,2.305311,868
668,4.162256,0.362790,869
1245,4.135943,0.031698,870
409,4.111257,2.308275,871
690,4.093503,0.297753,872
571,4.061748,3.720829,873
896,4.058586,0.956486,874
311,4.048011,0.703147,875
662,4.008385,0.352123,876
854,4.004608,0.948393,877
263,3.996354,0.768500,878
676,3.994462,0.417183,879
1001,3.969718,0.467238,880
468,3.948604,2.030858,881
591,3.925425,3.611564,882
271,3.910213,1.911592,883
193,3.756674,3.336962,884
185,3.736836,3.328969,885
843,3.721615,0.478715,886
1043,3.719727,0.506410,887
584,3.715219,3.553936,888
696,3.656309,0.417247,889
578,3.647178,3.522894,890
199,3.627833,2.481627,891
809,3.624172,0.453563,892
212,3.603204,1.455061,893
179,3.602866,2.504323,894
166,3.575746,1.412078,895
172,3.569913,1.584227,896
495,3.561477,1.281007,897
206,3.538217,1.564269,898
661,3.506220,0.384959,899
984,3.503026,0.679605,900
852,3.486719,0.394328,901
962,3.476385,0.711481,902
480,3.429632,0.730713,903
303,3.391462,2.057931,904
898,3.384672,0.431836,905
1023,3.356455,0.307672,906
1021,3.354445,0.357983,907
901,3.337387,0.668048,908
817,3.325869,1.282759,909
947,3.304343,0.643058,910
835,3.292616,1.289227,911
305,3.289138,0.849841,912
269,3.267082,0.769295,913
732,3.247321,0.672597,914
724,3.246159,0.658331,915
581,3.239630,2.425330,916
941,3.204961,0.795528,917
697,3.191722,0.415198,918
470,3.125632,1.718109,919
907,3.108411,0.778730,920
570,3.086007,1.472041,921
1209,3.084413,0.200337,922
993,3.030743,0.608825,923
1241,3.023570,0.050887,924
953,2.985870,0.657540,925
592,2.976942,1.431322,926
598,2.957596,1.325395,927
755,2.943015,1.704582,928
669,2.920418,0.348068,929
703,2.918690,0.310373,930
739,2.917904,0.457150,931
717,2.916033,0.443533,932
1073,2.901930,2.204325,933
498,2.890238,1.694646,934
799,2.886723,1.693054,935
464,2.830098,1.108545,936
283,2.807573,1.283869,937
459,2.799420,0.512799,938
564,2.779955,1.329663,939
1003,2.774309,0.293190,940
647,2.757903,1.851241,941
493,2.733212,0.608427,942
1000,2.726000,0.442638,943
613,2.689098,1.856692,944
507,2.643834,0.631205,945
557,2.622629,0.925797,946
170,2.576699,1.979789,947
683,2.557572,0.352155,948
208,2.552302,1.973028,949
689,2.549350,0.302871,950
605,2.519417,0.887000,951
466,2.512914,0.472232,952
1169,2.505351,0.146888,953
497,2.494287,1.413434,954
1050,2.493120,0.522055,955
899,2.453818,0.331268,956
1239,2.441152,0.031477,957
1232,2.387780,0.025011,958
851,2.385086,0.281335,959
1041,2.384253,0.311431,960
500,2.371479,0.433802,961
1044,2.305475,0.447739,962
675,2.299672,0.277220,963
641,2.298882,1.644759,964
1033,2.294819,0.370274,965
655,2.294370,0.310351,966
220,2.275297,1.304088,967
256,2.256463,1.311491,968
1253,2.238941,0.016694,969
1248,2.238267,0.028429,970
1185,2.227780,0.146711,971
619,2.216866,1.649659,972
502,2.159509,0.907550,973
1059,2.113259,0.523244,974
1249,2.082710,0.036357,975
1236,2.062563,0.018217,976
729,2.055648,1.726205,977
1004,2.029244,0.350293,978
1111,2.028250,0.084210,979
1123,2.027992,0.047016,980
727,2.005848,1.667669,981
1237,1.980644,0.016467,982
802,1.936049,0.180636,983
1011,1.900097,0.356273,984
850,1.892382,0.199744,985
469,1.891570,1.429652,986
1120,1.855295,0.072073,987
471,1.845810,0.982623,988
808,1.831562,0.365663,989
819,1.827389,2.246872,990
844,1.824885,0.358028,991
833,1.815495,2.269134,992
1243,1.813886,0.022355,993
1252,1.798451,0.016409,994
1025,1.753120,0.297977,995
838,1.736011,1.252696,996
1217,1.730493,0.101474,997
304,1.707840,0.970984,998
814,1.677416,1.260189,999
1116,1.644847,0.107429,1000
1132,1.640976,0.026046,1001
824,1.632739,1.421666,1002
1201,1.614319,0.101093,1003
828,1.603879,1.438383,1004
1055,1.577379,0.553881,1005
1136,1.565047,0.020429,1006
1231,1.551902,0.017518,1007
1056,1.549592,0.256065,1008
1053,1.546700,0.252168,1009
1084,1.512886,0.893832,1010
747,1.507881,0.545361,1011
753,1.507580,0.274245,1012
709,1.507106,0.524902,1013
171,1.506473,0.779536,1014
801,1.497469,0.287165,1015
473,1.491764,0.662645,1016
853,1.489033,0.673420,1017
291,1.477195,0.743803,1018
839,1.477073,1.283325,1019
1233,1.467990,0.024511,1020
207,1.464387,0.775052,1021
897,1.463721,0.668998,1022
1182,1.450451,0.042304,1023
728,1.443737,0.855822,1024
1049,1.433514,0.409026,1025
1058,1.417460,0.168916,1026
815,1.414726,0.641283,1027
794,1.400707,0.719742,1028
813,1.391915,1.269689,1029
924,1.384300,1.175752,1030
165,1.378354,0.490550,1031
1100,1.370131,1.205666,1032
213,1.364932,0.448396,1033
837,1.361466,0.610151,1034
760,1.354823,0.740690,1035
1124,1.332807,0.041446,1036
298,1.327889,0.928310,1037
1012,1.307021,0.343245,1038
1061,1.289404,0.213963,1039
800,1.235442,0.766582,1040
754,1.230240,0.756209,1041
1074,1.228035,0.203880,1042
479,1.219496,0.646825,1043
1148,1.211859,0.018196,1044
1125,1.174173,0.058184,1045
1077,1.160051,0.193713,1046
1048,1.158180,0.428947,1047
1051,1.148891,0.441287,1048
1247,1.128487,0.016846,1049
270,1.127469,0.833301,1050
1119,1.122757,0.041939,1051
1042,1.120979,0.345776,1052
1019,1.100966,0.286989,1053
1183,1.095697,0.164869,1054
1214,1.076336,0.022111,1055
276,1.074720,0.504492,1056
1128,1.061666,0.016562,1057
1190,1.020454,0.023639,1058
1149,0.984395,0.010148,1059
1007,0.979266,0.266394,1060
1072,0.971794,0.249460,1061
1031,0.916352,0.337550,1062
1126,0.909292,0.081016,1063
1069,0.887276,0.208163,1064
1026,0.885494,0.360489,1065
1142,0.885014,0.026624,1066
599,0.860423,0.573668,1067
1096,0.843040,0.203428,1068
1206,0.818517,0.009367,1069
1168,0.818465,0.123703,1070
472,0.808950,0.530043,1071
563,0.788768,0.521366,1072
1161,0.788532,0.075341,1073
1153,0.779244,0.017308,1074
1235,0.775654,0.012001,1075
1099,0.774976,0.186396,1076
487,0.758168,0.452510,1077
1032,0.751384,0.339961,1078
1140,0.748509,0.012977,1079
5,0.743376,0.009523,1080
1115,0.741461,0.047997,1081
1005,0.732387,0.412839,1082
893,0.730056,0.155600,1083
1037,0.724394,0.331462,1084
1060,0.720873,0.156044,1085
1147,0.718461,0.012809,1086
1160,0.715961,0.037340,1087
1121,0.703046,0.069882,1088
1170,0.689887,0.051720,1089
1251,0.684270,0.011887,1090
1018,0.683479,0.256177,1091
1193,0.669214,0.020021,1092
857,0.639204,0.132580,1093
1138,0.625009,0.017890,1094
494,0.615805,0.485099,1095
1135,0.614778,0.022869,1096
1137,0.614435,0.022445,1097
1080,0.613918,0.294217,1098
1122,0.611986,0.067454,1099
1045,0.596739,0.310387,1100
1054,0.593130,0.136028,1101
1200,0.579587,0.080468,1102
1222,0.553385,0.014038,1103
1070,0.549328,0.138310,1104
1129,0.544329,0.030742,1105
992,0.541366,0.312144,1106
1212,0.539840,0.034797,1107
1101,0.539521,0.206678,1108
1174,0.538000,0.021513,1109
1083,0.536307,0.281539,1110
1207,0.529256,0.089277,1111
954,0.525773,0.305260,1112
1104,0.514535,0.209868,1113
999,0.502191,0.328927,1114
1112,0.485567,0.075704,1115
1133,0.464476,0.023015,1116
1192,0.464182,0.015398,1117
16,0.463934,0.030293,1118
1002,0.462311,0.273825,1119
1040,0.461277,0.244958,1120
1076,0.455294,0.147462,1121
501,0.454547,0.398558,1122
1013,0.454101,0.302067,1123
465,0.451017,0.352106,1124
1114,0.439256,0.084123,1125
13,0.434127,0.316099,1126
1113,0.418558,0.073445,1127
1208,0.415552,0.102247,1128
1006,0.414800,0.227986,1129
1250,0.413741,0.008464,1130
1205,0.412340,0.028529,1131
1065,0.410831,0.186160,1132
1225,0.398456,0.008292,1133
1127,0.389396,0.072332,1134
1130,0.384737,0.016586,1135
875,0.382763,0.226355,1136
1095,0.382424,0.214697,1137
1088,0.374433,0.169742,1138
1226,0.369497,0.007913,1139
1139,0.367403,0.018127,1140
1167,0.360287,0.168480,1141
1085,0.359511,0.204790,1142
1082,0.358902,0.175630,1143
1131,0.357375,0.018657,1144
14,0.349513,0.009175,1145
1103,0.341388,0.157890,1146
1066,0.340265,0.164511,1147
6,0.339880,0.005411,1148
1141,0.337717,0.020391,1149
1039,0.334408,0.228936,1150
1181,0.325998,0.040614,1151
1046,0.325149,0.261287,1152
1071,0.318597,0.144670,1153
1087,0.310848,0.230649,1154
1081,0.306546,0.182289,1155
1118,0.302212,0.041576,1156
1229,0.296420,0.002430,1157
998,0.289792,0.223963,1158
1159,0.281557,0.051521,1159
1145,0.279374,0.005280,1160
1157,0.276509,0.017226,1161
1210,0.273012,0.081650,1162
1204,0.272277,0.020156,1163
1242,0.268639,0.004415,1164
1189,0.258794,0.019044,1165
1038,0.257433,0.169595,1166
1108,0.254540,0.167158,1167
1180,0.254413,0.041813,1168
1064,0.253923,0.161281,1169
1097,0.252095,0.130889,1170
1102,0.250240,0.189021,1171
1034,0.249358,0.183733,1172
1187,0.245410,0.003226,1173
1202,0.245014,0.039823,1174
17,0.240754,0.017271,1175
1156,0.237914,0.019321,1176
1176,0.233714,0.107823,1177
991,0.233646,0.160167,1178
1010,0.230261,0.170455,1179
1173,0.227996,0.025103,1180
1075,0.224544,0.138007,1181
1175,0.218152,0.115202,1182
1091,0.217709,0.126226,1183
1199,0.209296,0.073484,1184
2,0.206216,0.009425,1185
1223,0.202242,0.006325,1186
4,0.199155,0.004962,1187
955,0.197219,0.153993,1188
1178,0.196238,0.063090,1189
1134,0.195557,0.011382,1190
1098,0.195221,0.169564,1191
1107,0.193852,0.112640,1192
1215,0.192714,0.068395,1193
1234,0.190625,0.005724,1194
1186,0.190024,0.077406,1195
1166,0.182927,0.002386,1196
1220,0.181195,0.017071,1197
948,0.179700,0.122630,1198
900,0.170325,0.148811,1199
1221,0.169531,0.030877,1200
746,0.168985,0.121949,1201
1067,0.165493,0.110967,1202
1213,0.164919,0.056019,1203
1191,0.158709,0.028567,1204
1109,0.157419,0.142167,1205
1106,0.156787,0.148640,1206
3,0.155379,0.010611,1207
710,0.146243,0.122337,1208
1152,0.143591,0.023281,1209
1179,0.136987,0.002531,1210
1086,0.136983,0.110421,1211
1151,0.136570,0.011740,1212
1090,0.134693,0.129315,1213
1165,0.134174,0.002952,1214
1162,0.132619,0.035905,1215
1093,0.132182,0.129946,1216
1092,0.131703,0.081473,1217
1227,0.130750,0.001514,1218
1143,0.129694,0.009955,1219
1224,0.128804,0.002718,1220
1216,0.128120,0.044942,1221
1194,0.126692,0.011308,1222
1230,0.122849,0.004119,1223
1195,0.112875,0.005604,1224
1198,0.108498,0.001364,1225
1254,0.104418,0.003351,1226
1228,0.100103,0.000908,1227
1203,0.096538,0.003417,1228
1219,0.092283,0.004132,1229
1163,0.088530,0.005034,1230
1184,0.078978,0.051824,1231
1144,0.078704,0.005663,1232
1,0.077334,0.018038,1233
1218,0.075934,0.054348,1234
1238,0.073640,0.003537,1235
1158,0.064574,0.004427,1236
1150,0.059619,0.004904,1237
1117,0.057754,0.054229,1238
8,0.052772,0.004418,1239
7,0.049606,0.004720,1240
1246,0.049177,0.002528,1241
1155,0.038377,0.008311,1242
10,0.036101,0.002572,1243
1172,0.028585,0.020745,1244
1154,0.026608,0.006810,1245
1197,0.022584,0.003058,1246
1211,0.021662,0.002250,1247
1188,0.020954,0.016394,1248
12,0.017668,0.001092,1249
9,0.012426,0.004253,1250
1171,0.011533,0.003627,1251
1146,0.009476,0.005894,1252
1164,0.009125,0.002727,1253
1196,0.004470,0.002306,1254
